{
  "timestamp": "2025-09-07T23:48:25.347566Z",
  "n_registros_usados": 102,
  "levels_order": [
    "Normal",
    "Alto",
    "Elevado",
    "Muy alto"
  ],
  "dim_key": "Dim2",
  "dim_name": "Ansiedad por separación",
  "upperbound": {
    "f1_macro": 0.5718374242351075,
    "accuracy": 0.6862745098039216,
    "balanced_accuracy": 0.5650157232704403,
    "auc_ovr_macro": 0.8685364005030971,
    "brier": 1.4738246414083156,
    "confusion_matrix": [
      [
        50,
        0,
        3,
        0
      ],
      [
        1,
        3,
        9,
        2
      ],
      [
        9,
        5,
        10,
        0
      ],
      [
        0,
        3,
        0,
        7
      ]
    ],
    "n": 102
  }
}