{
  "timestamp": "2025-08-18T09:02:38.547464Z",
  "n_registros_usados": 41,
  "levels_order": [
    "Normal",
    "Alto",
    "Elevado",
    "Muy alto"
  ],
  "dim_key": "Dim2",
  "dim_name": "Ansiedad por separación",
  "upperbound": {
    "f1_macro": 0.4885912698412699,
    "accuracy": 0.7560975609756098,
    "balanced_accuracy": 0.5053030303030304,
    "auc_ovr_macro": 0.7613911979361895,
    "brier": 1.395273780487805,
    "confusion_matrix": [
      [
        9,
        1,
        0,
        0
      ],
      [
        1,
        1,
        1,
        3
      ],
      [
        1,
        0,
        0,
        2
      ],
      [
        0,
        1,
        0,
        21
      ]
    ],
    "n": 41
  }
}