fold,f1_macro
1,0.7916666666666666
2,0.575
3,0.5809523809523809
4,0.45
5,0.5892857142857143
