fold,f1_macro
1,0.4623015873015873
2,0.6454545454545455
3,0.6946969696969696
4,0.32916666666666666
5,0.6875
