fold,f1_macro
1,0.3888888888888889
2,0.6363636363636364
3,0.6
4,0.7222222222222222
5,0.3888888888888889
