fold,f1_macro
1,0.5421607378129116
2,0.49976190476190474
3,0.47916666666666663
4,0.6175438596491227
5,0.6883838383838384
