fold,f1_macro
1,0.8666666666666667
2,0.6041666666666666
3,0.5059523809523809
4,0.6166666666666667
5,0.4375
