fold,f1_macro
1,0.45588235294117646
2,0.41435185185185186
3,0.3924731182795699
4,0.688888888888889
5,0.5402930402930404
