{
  "timestamp": "2025-08-18T06:10:43.147503Z",
  "n_registros_usados": 41,
  "levels_order": [
    "Normal",
    "Alto",
    "Elevado",
    "Muy alto"
  ],
  "dim_key": "Dim1",
  "dim_name": "Pánico/Agorafobia",
  "upperbound": {
    "f1_macro": 0.640962485790072,
    "accuracy": 0.7317073170731707,
    "balanced_accuracy": 0.6414835164835164,
    "auc_ovr_macro": 0.8439632263161675,
    "brier": 1.288314024390244,
    "confusion_matrix": [
      [
        12,
        0,
        1,
        0
      ],
      [
        0,
        3,
        3,
        1
      ],
      [
        4,
        1,
        2,
        0
      ],
      [
        0,
        1,
        0,
        13
      ]
    ],
    "n": 41
  }
}