{
  "timestamp": "2025-09-07T23:47:43.748232Z",
  "n_registros_usados": 102,
  "levels_order": [
    "Normal",
    "Alto",
    "Elevado",
    "Muy alto"
  ],
  "dim_key": "Dim1",
  "dim_name": "Pánico/Agorafobia",
  "upperbound": {
    "f1_macro": 0.6016580861019544,
    "accuracy": 0.696078431372549,
    "balanced_accuracy": 0.5645990566037735,
    "auc_ovr_macro": 0.9075477235641181,
    "brier": 1.4892968137254903,
    "confusion_matrix": [
      [
        50,
        0,
        3,
        0
      ],
      [
        1,
        6,
        9,
        0
      ],
      [
        10,
        4,
        11,
        0
      ],
      [
        0,
        3,
        1,
        4
      ]
    ],
    "n": 102
  }
}