{
  "timestamp": "2025-09-07T23:46:27.282168Z",
  "n_registros_usados": 102,
  "levels_order": [
    "Normal",
    "Alto",
    "Elevado",
    "Muy alto"
  ],
  "metrics": {
    "f1_macro": 0.5376514295577943,
    "accuracy": 0.6764705882352942,
    "balanced_accuracy": 0.5105978260869566,
    "auc_ovr_macro": 0.8770139460996484,
    "labels_order": [
      "Normal",
      "Alto",
      "Elevado",
      "Muy alto"
    ],
    "confusion_matrix": [
      [
        56,
        0,
        0,
        0
      ],
      [
        2,
        3,
        10,
        0
      ],
      [
        15,
        3,
        5,
        0
      ],
      [
        0,
        3,
        0,
        5
      ]
    ]
  }
}