fold,f1_macro
1,0.44179894179894175
2,0.7307692307692307
3,0.47820512820512817
4,0.27555555555555555
5,0.6325
