fold,f1_macro
1,0.8666666666666667
2,0.575
3,0.5
4,0.8666666666666667
5,0.7499999999999999
