fold,f1_macro
1,0.725
2,0.7352941176470589
3,0.7282738095238095
4,0.7520833333333333
5,0.8951754385964912
