fold,f1_macro
1,0.4583333333333333
2,0.6666666666666666
3,0.6666666666666666
4,0.7272727272727273
5,0.3939393939393939
