{
  "timestamp": "2025-09-07T23:49:06.604401Z",
  "n_registros_usados": 102,
  "levels_order": [
    "Normal",
    "Alto",
    "Elevado",
    "Muy alto"
  ],
  "dim_key": "Dim3",
  "dim_name": "Fobia social",
  "upperbound": {
    "f1_macro": 0.5157467532467532,
    "accuracy": 0.7745098039215687,
    "balanced_accuracy": 0.5029542920847269,
    "auc_ovr_macro": 0.8400640061286043,
    "brier": 1.5727638480392159,
    "confusion_matrix": [
      [
        62,
        0,
        3,
        0
      ],
      [
        0,
        8,
        4,
        0
      ],
      [
        13,
        1,
        9,
        0
      ],
      [
        0,
        1,
        1,
        0
      ]
    ],
    "n": 102
  }
}