{
  "timestamp": "2025-08-18T09:21:17.531147Z",
  "n_registros_usados": 41,
  "levels_order": [
    "Normal",
    "Alto",
    "Elevado",
    "Muy alto"
  ],
  "dim_key": "Dim3",
  "dim_name": "Fobia social",
  "upperbound": {
    "f1_macro": 0.49062097812097816,
    "accuracy": 0.5853658536585366,
    "balanced_accuracy": 0.4945436507936508,
    "auc_ovr_macro": 0.8160577966364411,
    "brier": 1.3104240853658535,
    "confusion_matrix": [
      [
        16,
        0,
        2,
        0
      ],
      [
        0,
        2,
        4,
        2
      ],
      [
        3,
        4,
        1,
        0
      ],
      [
        0,
        2,
        0,
        5
      ]
    ],
    "n": 41
  }
}