{
  "timestamp": "2025-09-07T23:49:40.947000Z",
  "n_registros_usados": 102,
  "levels_order": [
    "Normal",
    "Alto",
    "Elevado",
    "Muy alto"
  ],
  "dim_key": "Dim4",
  "dim_name": "Miedo a lesiones físicas",
  "upperbound": {
    "f1_macro": 0.5661326911326912,
    "accuracy": 0.7352941176470589,
    "balanced_accuracy": 0.5262605042016807,
    "auc_ovr_macro": 0.8790945808353811,
    "brier": 1.628659900670009,
    "confusion_matrix": [
      [
        63,
        0,
        5,
        0
      ],
      [
        5,
        6,
        2,
        1
      ],
      [
        12,
        0,
        4,
        0
      ],
      [
        0,
        2,
        0,
        2
      ]
    ],
    "n": 102
  }
}