{
  "timestamp": "2025-08-18T09:26:54.542706Z",
  "n_registros_usados": 41,
  "levels_order": [
    "Normal",
    "Alto",
    "Elevado",
    "Muy alto"
  ],
  "dim_key": "Dim4",
  "dim_name": "Miedo a lesiones físicas",
  "upperbound": {
    "f1_macro": 0.6648644661626406,
    "accuracy": 0.7317073170731707,
    "balanced_accuracy": 0.6702533577533578,
    "auc_ovr_macro": 0.8416350155225663,
    "brier": 1.261085670731707,
    "confusion_matrix": [
      [
        12,
        1,
        0,
        0
      ],
      [
        1,
        5,
        2,
        1
      ],
      [
        3,
        1,
        2,
        1
      ],
      [
        0,
        1,
        0,
        11
      ]
    ],
    "n": 41
  }
}