{
  "timestamp": "2025-09-07T23:50:53.078461Z",
  "n_registros_usados": 102,
  "levels_order": [
    "Normal",
    "Alto",
    "Elevado",
    "Muy alto"
  ],
  "dim_key": "Dim6",
  "dim_name": "Ansiedad generalizada",
  "upperbound": {
    "f1_macro": 0.695968992248062,
    "accuracy": 0.7941176470588235,
    "balanced_accuracy": 0.6655241935483871,
    "auc_ovr_macro": 0.9360077959502009,
    "brier": 1.6362613088445035,
    "confusion_matrix": [
      [
        55,
        1,
        6,
        0
      ],
      [
        0,
        18,
        2,
        0
      ],
      [
        8,
        2,
        6,
        0
      ],
      [
        0,
        2,
        0,
        2
      ]
    ],
    "n": 102
  }
}