fold,f1_macro
1,0.4955665024630542
2,0.4563636363636363
3,0.8376543209876542
4,0.6063492063492063
5,0.7044334975369458
