fold,f1_macro
1,0.375
2,0.3333333333333333
3,0.3125
4,0.7559523809523809
5,0.5
