{
  "timestamp": "2025-09-07T23:50:16.054093Z",
  "n_registros_usados": 102,
  "levels_order": [
    "Normal",
    "Alto",
    "Elevado",
    "Muy alto"
  ],
  "dim_key": "Dim5",
  "dim_name": "Obs.-Compulsivo (OCD)",
  "upperbound": {
    "f1_macro": 0.7680427463036159,
    "accuracy": 0.8137254901960784,
    "balanced_accuracy": 0.7652285940803383,
    "auc_ovr_macro": 0.9609204085786602,
    "brier": 1.5348884803921568,
    "confusion_matrix": [
      [
        40,
        0,
        3,
        0
      ],
      [
        0,
        8,
        5,
        3
      ],
      [
        5,
        1,
        26,
        0
      ],
      [
        0,
        2,
        0,
        9
      ]
    ],
    "n": 102
  }
}