fold,f1_macro
1,0.7833333333333332
2,0.580952380952381
3,0.34285714285714286
4,0.6166666666666667
5,0.5892857142857143
