fold,f1_macro
1,0.8571428571428572
2,0.8147727272727273
3,0.4992094861660079
4,0.4444444444444445
5,0.6357142857142858
