{
  "model_version": "v1",
  "timestamp": "2025-08-18T06:06:33.321274Z",
  "n_registros": 41,
  "clases": [
    "Normal",
    "Alto",
    "Elevado",
    "Muy alto"
  ],
  "grid_search": {
    "best_params": {
      "C": 3.0,
      "gamma": 0.01
    },
    "scoring": "f1_macro"
  },
  "cv": {
    "n_splits": 5,
    "f1_macro_mean": 0.8216666666666667,
    "f1_macro_std": 0.23115651263447745,
    "accuracy_mean": 0.825,
    "accuracy_std": 0.2318404623873926,
    "balanced_accuracy_mean": 0.8333333333333333,
    "balanced_accuracy_std": 0.23422448870925325,
    "calibration": {
      "log_loss_oof": 1.3222233768036518,
      "brier_oof": 1.4903647287555013
    }
  },
  "subgroups": {
    "genero": {
      "Masculino": {
        "n": 19,
        "accuracy": 0.05263157894736842,
        "f1_macro": 0.045454545454545456,
        "classification_report": {
          "Alto": {
            "precision": 0.3333333333333333,
            "recall": 0.125,
            "f1-score": 0.18181818181818182,
            "support": 8.0
          },
          "Elevado": {
            "precision": 0.0,
            "recall": 0.0,
            "f1-score": 0.0,
            "support": 4.0
          },
          "Muy alto": {
            "precision": 0.0,
            "recall": 0.0,
            "f1-score": 0.0,
            "support": 5.0
          },
          "Normal": {
            "precision": 0.0,
            "recall": 0.0,
            "f1-score": 0.0,
            "support": 2.0
          },
          "accuracy": 0.05263157894736842,
          "macro avg": {
            "precision": 0.08333333333333333,
            "recall": 0.03125,
            "f1-score": 0.045454545454545456,
            "support": 19.0
          },
          "weighted avg": {
            "precision": 0.14035087719298245,
            "recall": 0.05263157894736842,
            "f1-score": 0.07655502392344497,
            "support": 19.0
          }
        },
        "confusion_matrix": {
          "labels": [
            "Normal",
            "Alto",
            "Elevado",
            "Muy alto"
          ],
          "matrix": [
            [
              0,
              0,
              0,
              2
            ],
            [
              7,
              1,
              0,
              0
            ],
            [
              2,
              2,
              0,
              0
            ],
            [
              0,
              0,
              5,
              0
            ]
          ]
        }
      },
      "Femenino": {
        "n": 22,
        "accuracy": 0.045454545454545456,
        "f1_macro": 0.0625,
        "classification_report": {
          "Alto": {
            "precision": 0.14285714285714285,
            "recall": 1.0,
            "f1-score": 0.25,
            "support": 1.0
          },
          "Elevado": {
            "precision": 0.0,
            "recall": 0.0,
            "f1-score": 0.0,
            "support": 7.0
          },
          "Muy alto": {
            "precision": 0.0,
            "recall": 0.0,
            "f1-score": 0.0,
            "support": 6.0
          },
          "Normal": {
            "precision": 0.0,
            "recall": 0.0,
            "f1-score": 0.0,
            "support": 8.0
          },
          "accuracy": 0.045454545454545456,
          "macro avg": {
            "precision": 0.03571428571428571,
            "recall": 0.25,
            "f1-score": 0.0625,
            "support": 22.0
          },
          "weighted avg": {
            "precision": 0.006493506493506493,
            "recall": 0.045454545454545456,
            "f1-score": 0.011363636363636364,
            "support": 22.0
          }
        },
        "confusion_matrix": {
          "labels": [
            "Normal",
            "Alto",
            "Elevado",
            "Muy alto"
          ],
          "matrix": [
            [
              0,
              1,
              0,
              7
            ],
            [
              0,
              1,
              0,
              0
            ],
            [
              0,
              5,
              0,
              2
            ],
            [
              0,
              0,
              6,
              0
            ]
          ]
        }
      }
    }
  },
  "holdout": {
    "accuracy": 0.7777777777777778,
    "balanced_accuracy": 0.8333333333333333,
    "f1_macro": 0.7916666666666666,
    "classification_report": {
      "Alto": {
        "precision": 0.5,
        "recall": 1.0,
        "f1-score": 0.6666666666666666,
        "support": 2.0
      },
      "Elevado": {
        "precision": 1.0,
        "recall": 0.3333333333333333,
        "f1-score": 0.5,
        "support": 3.0
      },
      "Muy alto": {
        "precision": 1.0,
        "recall": 1.0,
        "f1-score": 1.0,
        "support": 2.0
      },
      "Normal": {
        "precision": 1.0,
        "recall": 1.0,
        "f1-score": 1.0,
        "support": 2.0
      },
      "accuracy": 0.7777777777777778,
      "macro avg": {
        "precision": 0.875,
        "recall": 0.8333333333333333,
        "f1-score": 0.7916666666666666,
        "support": 9.0
      },
      "weighted avg": {
        "precision": 0.8888888888888888,
        "recall": 0.7777777777777778,
        "f1-score": 0.7592592592592592,
        "support": 9.0
      }
    },
    "confusion_matrix": [
      [
        2,
        0,
        0,
        0
      ],
      [
        0,
        2,
        0,
        0
      ],
      [
        0,
        2,
        1,
        0
      ],
      [
        0,
        0,
        0,
        2
      ]
    ],
    "labels_order": [
      "Normal",
      "Alto",
      "Elevado",
      "Muy alto"
    ],
    "n_test": 9,
    "calibration": {
      "log_loss": 0.4711937857348693,
      "brier": 1.3962507356858824
    }
  }
}