{
  "model_version": "v1",
  "timestamp": "2025-08-18T05:31:48.550604Z",
  "n_registros": 41,
  "clases": [
    "Alto",
    "Elevado",
    "Muy alto",
    "Normal"
  ],
  "cv": {
    "n_splits": 5,
    "f1_macro_mean": 0.6952380952380952,
    "f1_macro_std": 0.17506072804430284,
    "accuracy_mean": 0.7305555555555555,
    "accuracy_std": 0.16703662642636566
  },
  "subgroups": {
    "genero": {
      "Masculino": {
        "n": 19,
        "accuracy": 0.6842105263157895,
        "f1_macro": 0.75,
        "classification_report": {
          "Alto": {
            "precision": 0.75,
            "recall": 0.375,
            "f1-score": 0.5,
            "support": 8.0
          },
          "Elevado": {
            "precision": 0.375,
            "recall": 0.75,
            "f1-score": 0.5,
            "support": 4.0
          },
          "Muy alto": {
            "precision": 1.0,
            "recall": 1.0,
            "f1-score": 1.0,
            "support": 5.0
          },
          "Normal": {
            "precision": 1.0,
            "recall": 1.0,
            "f1-score": 1.0,
            "support": 2.0
          },
          "accuracy": 0.6842105263157895,
          "macro avg": {
            "precision": 0.78125,
            "recall": 0.78125,
            "f1-score": 0.75,
            "support": 19.0
          },
          "weighted avg": {
            "precision": 0.7631578947368421,
            "recall": 0.6842105263157895,
            "f1-score": 0.6842105263157895,
            "support": 19.0
          }
        },
        "confusion_matrix": {
          "labels": [
            "Alto",
            "Elevado",
            "Muy alto",
            "Normal"
          ],
          "matrix": [
            [
              3,
              5,
              0,
              0
            ],
            [
              1,
              3,
              0,
              0
            ],
            [
              0,
              0,
              5,
              0
            ],
            [
              0,
              0,
              0,
              2
            ]
          ]
        }
      },
      "Femenino": {
        "n": 22,
        "accuracy": 0.7727272727272727,
        "f1_macro": 0.6371794871794871,
        "classification_report": {
          "Alto": {
            "precision": 0.0,
            "recall": 0.0,
            "f1-score": 0.0,
            "support": 1.0
          },
          "Elevado": {
            "precision": 0.6666666666666666,
            "recall": 0.5714285714285714,
            "f1-score": 0.6153846153846153,
            "support": 7.0
          },
          "Muy alto": {
            "precision": 1.0,
            "recall": 1.0,
            "f1-score": 1.0,
            "support": 6.0
          },
          "Normal": {
            "precision": 1.0,
            "recall": 0.875,
            "f1-score": 0.9333333333333333,
            "support": 8.0
          },
          "accuracy": 0.7727272727272727,
          "macro avg": {
            "precision": 0.6666666666666666,
            "recall": 0.6116071428571428,
            "f1-score": 0.6371794871794871,
            "support": 22.0
          },
          "weighted avg": {
            "precision": 0.8484848484848484,
            "recall": 0.7727272727272727,
            "f1-score": 0.807925407925408,
            "support": 22.0
          }
        },
        "confusion_matrix": {
          "labels": [
            "Alto",
            "Elevado",
            "Muy alto",
            "Normal"
          ],
          "matrix": [
            [
              0,
              1,
              0,
              0
            ],
            [
              3,
              4,
              0,
              0
            ],
            [
              0,
              0,
              6,
              0
            ],
            [
              0,
              1,
              0,
              7
            ]
          ]
        }
      }
    }
  },
  "holdout": {
    "accuracy": 0.7777777777777778,
    "f1_macro": 0.7916666666666666,
    "classification_report": {
      "Alto": {
        "precision": 0.5,
        "recall": 0.5,
        "f1-score": 0.5,
        "support": 2.0
      },
      "Elevado": {
        "precision": 0.6666666666666666,
        "recall": 0.6666666666666666,
        "f1-score": 0.6666666666666666,
        "support": 3.0
      },
      "Muy alto": {
        "precision": 1.0,
        "recall": 1.0,
        "f1-score": 1.0,
        "support": 2.0
      },
      "Normal": {
        "precision": 1.0,
        "recall": 1.0,
        "f1-score": 1.0,
        "support": 2.0
      },
      "accuracy": 0.7777777777777778,
      "macro avg": {
        "precision": 0.7916666666666666,
        "recall": 0.7916666666666666,
        "f1-score": 0.7916666666666666,
        "support": 9.0
      },
      "weighted avg": {
        "precision": 0.7777777777777778,
        "recall": 0.7777777777777778,
        "f1-score": 0.7777777777777778,
        "support": 9.0
      }
    },
    "confusion_matrix": [
      [
        1,
        1,
        0,
        0
      ],
      [
        1,
        2,
        0,
        0
      ],
      [
        0,
        0,
        2,
        0
      ],
      [
        0,
        0,
        0,
        2
      ]
    ],
    "labels_order": [
      "Alto",
      "Elevado",
      "Muy alto",
      "Normal"
    ],
    "n_test": 9
  }
}