{
  "model_version": "v1",
  "timestamp": "2025-08-18T03:54:59.815022Z",
  "n_registros": 41,
  "clases": [
    "Normal",
    "Alto",
    "Elevado",
    "Muy alto"
  ],
  "model_selected": "svm",
  "compare": {
    "rf": {
      "f1_macro_mean": 0.7266666666666667,
      "f1_macro_std": 0.13095800853708797,
      "precision_macro_mean": 0.7499999999999999,
      "recall_macro_mean": 0.775,
      "accuracy_mean": 0.7527777777777778,
      "balanced_accuracy_mean": 0.775,
      "n": 41
    },
    "svm": {
      "f1_macro_mean": 0.7785714285714286,
      "f1_macro_std": 0.16995397536243922,
      "precision_macro_mean": 0.7991666666666666,
      "recall_macro_mean": 0.825,
      "accuracy_mean": 0.8027777777777778,
      "balanced_accuracy_mean": 0.825,
      "n": 41
    },
    "knn": {
      "f1_macro_mean": 0.5716666666666665,
      "f1_macro_std": 0.15930404193798028,
      "precision_macro_mean": 0.5666666666666667,
      "recall_macro_mean": 0.625,
      "accuracy_mean": 0.6333333333333333,
      "balanced_accuracy_mean": 0.625,
      "n": 41
    }
  },
  "holdout": {
    "accuracy": 0.7777777777777778,
    "balanced_accuracy": 0.7916666666666666,
    "precision_macro": 0.7916666666666666,
    "recall_macro": 0.7916666666666666,
    "f1_macro": 0.7916666666666666,
    "classification_report": {
      "Alto": {
        "precision": 0.5,
        "recall": 0.5,
        "f1-score": 0.5,
        "support": 2.0
      },
      "Elevado": {
        "precision": 0.6666666666666666,
        "recall": 0.6666666666666666,
        "f1-score": 0.6666666666666666,
        "support": 3.0
      },
      "Muy alto": {
        "precision": 1.0,
        "recall": 1.0,
        "f1-score": 1.0,
        "support": 2.0
      },
      "Normal": {
        "precision": 1.0,
        "recall": 1.0,
        "f1-score": 1.0,
        "support": 2.0
      },
      "accuracy": 0.7777777777777778,
      "macro avg": {
        "precision": 0.7916666666666666,
        "recall": 0.7916666666666666,
        "f1-score": 0.7916666666666666,
        "support": 9.0
      },
      "weighted avg": {
        "precision": 0.7777777777777778,
        "recall": 0.7777777777777778,
        "f1-score": 0.7777777777777778,
        "support": 9.0
      }
    },
    "confusion_matrix": [
      [
        2,
        0,
        0,
        0
      ],
      [
        0,
        1,
        1,
        0
      ],
      [
        0,
        1,
        2,
        0
      ],
      [
        0,
        0,
        0,
        2
      ]
    ],
    "labels_order": [
      "Normal",
      "Alto",
      "Elevado",
      "Muy alto"
    ],
    "n_test": 9
  },
  "subgroups": {
    "genero": {
      "Masculino": {
        "n": 19,
        "accuracy": 0.8421052631578947,
        "balanced_accuracy": 0.875,
        "f1_macro": 0.8666666666666666,
        "classification_report": {
          "Alto": {
            "precision": 0.8571428571428571,
            "recall": 0.75,
            "f1-score": 0.7999999999999999,
            "support": 8.0
          },
          "Elevado": {
            "precision": 0.6,
            "recall": 0.75,
            "f1-score": 0.6666666666666665,
            "support": 4.0
          },
          "Muy alto": {
            "precision": 1.0,
            "recall": 1.0,
            "f1-score": 1.0,
            "support": 5.0
          },
          "Normal": {
            "precision": 1.0,
            "recall": 1.0,
            "f1-score": 1.0,
            "support": 2.0
          },
          "accuracy": 0.8421052631578947,
          "macro avg": {
            "precision": 0.8642857142857143,
            "recall": 0.875,
            "f1-score": 0.8666666666666666,
            "support": 19.0
          },
          "weighted avg": {
            "precision": 0.8556390977443609,
            "recall": 0.8421052631578947,
            "f1-score": 0.8456140350877193,
            "support": 19.0
          }
        },
        "confusion_matrix": {
          "labels": [
            "Normal",
            "Alto",
            "Elevado",
            "Muy alto"
          ],
          "matrix": [
            [
              2,
              0,
              0,
              0
            ],
            [
              0,
              6,
              2,
              0
            ],
            [
              0,
              1,
              3,
              0
            ],
            [
              0,
              0,
              0,
              5
            ]
          ]
        }
      },
      "Femenino": {
        "n": 22,
        "accuracy": 0.7727272727272727,
        "balanced_accuracy": 0.6116071428571428,
        "f1_macro": 0.6371794871794871,
        "classification_report": {
          "Alto": {
            "precision": 0.0,
            "recall": 0.0,
            "f1-score": 0.0,
            "support": 1.0
          },
          "Elevado": {
            "precision": 0.6666666666666666,
            "recall": 0.5714285714285714,
            "f1-score": 0.6153846153846153,
            "support": 7.0
          },
          "Muy alto": {
            "precision": 1.0,
            "recall": 1.0,
            "f1-score": 1.0,
            "support": 6.0
          },
          "Normal": {
            "precision": 1.0,
            "recall": 0.875,
            "f1-score": 0.9333333333333333,
            "support": 8.0
          },
          "accuracy": 0.7727272727272727,
          "macro avg": {
            "precision": 0.6666666666666666,
            "recall": 0.6116071428571428,
            "f1-score": 0.6371794871794871,
            "support": 22.0
          },
          "weighted avg": {
            "precision": 0.8484848484848484,
            "recall": 0.7727272727272727,
            "f1-score": 0.807925407925408,
            "support": 22.0
          }
        },
        "confusion_matrix": {
          "labels": [
            "Normal",
            "Alto",
            "Elevado",
            "Muy alto"
          ],
          "matrix": [
            [
              7,
              0,
              1,
              0
            ],
            [
              0,
              0,
              1,
              0
            ],
            [
              0,
              3,
              4,
              0
            ],
            [
              0,
              0,
              0,
              6
            ]
          ]
        }
      }
    }
  }
}